{
    "name": "likert_elicitation_selected_per_user_title_plot",
    "total_evaluations": 107,
    "diversity_score_counts": {
        "user": {
            "1.0": 48,
            "-3.0": 2,
            "2.0": 23,
            "-2.0": 9,
            "-1.0": 22,
            "3.0": 3
        },
        "llm": {
            "-1": 22,
            "1": 55,
            "2": 29,
            "-2": 1
        }
    },
    "llm_output": {
        "correct_evaluations": {
            "output": 33
        },
        "accuracy": {
            "output": 0.3084
        }
    },
    "pearson": -0.08912091631890341,
    "rmse": 1.8695793919498949,
    "mae": 1.4018691588785046,
    "binary_accuracy": 0.5887850467289719
}