{
    "cf_ild": {
        "correct": 62,
        "incorrect": 125,
        "total": 187,
        "accuracy": 0.3315508021390374
    },
    "cb_ild": {
        "correct": 56,
        "incorrect": 130,
        "total": 186,
        "accuracy": 0.3010752688172043
    },
    "ease_ild": {
        "correct": 50,
        "incorrect": 137,
        "total": 187,
        "accuracy": 0.26737967914438504
    },
    "genres": {
        "correct": 52,
        "incorrect": 134,
        "total": 186,
        "accuracy": 0.27956989247311825
    },
    "tags": {
        "correct": 26,
        "incorrect": 144,
        "total": 170,
        "accuracy": 0.15294117647058825
    },
    "bin_div": {
        "correct": 55,
        "incorrect": 131,
        "total": 186,
        "accuracy": 0.2956989247311828
    }
}