{
    "cf_ild": {
        "correct": 53,
        "incorrect": 134,
        "total": 187,
        "accuracy": 0.28342245989304815
    },
    "cb_ild": {
        "correct": 57,
        "incorrect": 129,
        "total": 186,
        "accuracy": 0.3064516129032258
    },
    "ease_ild": {
        "correct": 51,
        "incorrect": 136,
        "total": 187,
        "accuracy": 0.2727272727272727
    },
    "genres": {
        "correct": 45,
        "incorrect": 141,
        "total": 186,
        "accuracy": 0.24193548387096775
    },
    "tags": {
        "correct": 25,
        "incorrect": 145,
        "total": 170,
        "accuracy": 0.14705882352941177
    },
    "bin_div": {
        "correct": 48,
        "incorrect": 138,
        "total": 186,
        "accuracy": 0.25806451612903225
    }
}