{
    "name": "likert_elicitation_selected_per_user_plot",
    "total_evaluations": 107,
    "diversity_score_counts": {
        "user": {
            "-1.0": 40,
            "-3.0": 2,
            "3.0": 4,
            "2.0": 20,
            "1.0": 24,
            "-2.0": 17
        },
        "llm": {
            "-1": 24,
            "1": 58,
            "2": 21,
            "3": 2,
            "-2": 2
        }
    },
    "llm_output": {
        "correct_evaluations": {
            "output": 33
        },
        "accuracy": {
            "output": 0.3084
        }
    },
    "pearson": 0.11034822020456111,
    "rmse": 1.9859318300598487,
    "binary_accuracy": 0.5233644859813084
}