{
    "name": "likert_elicitation_selected_per_user_title_plot",
    "total_evaluations": 107,
    "diversity_score_counts": {
        "user": {
            "-1.0": 40,
            "-3.0": 2,
            "3.0": 4,
            "2.0": 20,
            "1.0": 24,
            "-2.0": 17
        },
        "llm": {
            "-1": 25,
            "1": 51,
            "3": 1,
            "2": 25,
            "-2": 4,
            "0": 1
        }
    },
    "llm_output": {
        "correct_evaluations": {
            "output": 33
        },
        "accuracy": {
            "output": 0.3084
        }
    },
    "pearson": 0.07739450964395246,
    "rmse": 2.0301466269958937,
    "binary_accuracy": 0.4766355140186916
}