{
    "name": "genres",
    "total_evaluations": 321,
    "diversity_score_counts": {
        "user": {
            "1.0": 133,
            "-1.0": 72,
            "2.0": 65,
            "-2.0": 25,
            "-3.0": 4,
            "3.0": 22
        },
        "llm": {
            "2": 237,
            "1": 84
        }
    },
    "llm_output": {
        "correct_evaluations": {
            "output": 81
        },
        "accuracy": {
            "output": 0.2523
        }
    },
    "pearson": 0.04881206265038969,
    "rmse": 1.8787216439846335,
    "mae": 1.4049844236760125,
    "binary_accuracy": 0.6853582554517134
}