{
    "name": "likert_title",
    "total_evaluations": 321,
    "diversity_score_counts": {
        "user": {
            "1.0": 133,
            "-1.0": 72,
            "2.0": 65,
            "-2.0": 25,
            "-3.0": 4,
            "3.0": 22
        },
        "llm": {
            "2": 89,
            "1": 232
        }
    },
    "llm_output": {
        "correct_evaluations": {
            "output": 109
        },
        "accuracy": {
            "output": 0.3396
        }
    },
    "pearson": 0.009246398438430267,
    "rmse": 1.6604244474815446,
    "mae": 1.2118380062305296,
    "binary_accuracy": 0.6853582554517134
}