{
    "name": "likert_plot",
    "total_evaluations": 321,
    "diversity_score_counts": {
        "user": {
            "1.0": 133,
            "-1.0": 72,
            "2.0": 65,
            "-2.0": 25,
            "-3.0": 4,
            "3.0": 22
        },
        "llm": {
            "2": 137,
            "1": 181,
            "3": 3
        }
    },
    "llm_output": {
        "correct_evaluations": {
            "output": 102
        },
        "accuracy": {
            "output": 0.3178
        }
    },
    "pearson": -0.049263839103073664,
    "rmse": 1.7781995865117068,
    "mae": 1.2928348909657321,
    "binary_accuracy": 0.6853582554517134
}