{
    "name": "likert_title_plot",
    "total_evaluations": 321,
    "diversity_score_counts": {
        "user": {
            "1.0": 133,
            "-1.0": 72,
            "2.0": 65,
            "-2.0": 25,
            "-3.0": 4,
            "3.0": 22
        },
        "llm": {
            "1": 207,
            "2": 111,
            "-1": 1,
            "3": 2
        }
    },
    "llm_output": {
        "correct_evaluations": {
            "output": 116
        },
        "accuracy": {
            "output": 0.3614
        }
    },
    "pearson": -0.023719674876170865,
    "rmse": 1.7230343444124736,
    "mae": 1.2242990654205608,
    "binary_accuracy": 0.6884735202492211
}