{
    "name": "likert_title_genres_plot",
    "total_evaluations": 321,
    "diversity_score_counts": {
        "user": {
            "1.0": 133,
            "-1.0": 72,
            "2.0": 65,
            "-2.0": 25,
            "-3.0": 4,
            "3.0": 22
        },
        "llm": {
            "1": 187,
            "2": 134
        }
    },
    "llm_output": {
        "correct_evaluations": {
            "output": 104
        },
        "accuracy": {
            "output": 0.324
        }
    },
    "pearson": -0.05380702425794788,
    "rmse": 1.759708273755267,
    "mae": 1.2834890965732086,
    "binary_accuracy": 0.6853582554517134
}