{
    "name": "likert_elicitation_title",
    "total_evaluations": 321,
    "diversity_score_counts": {
        "user": {
            "1.0": 133,
            "-1.0": 72,
            "2.0": 65,
            "-2.0": 25,
            "-3.0": 4,
            "3.0": 22
        },
        "llm": {
            "1": 288,
            "2": 25,
            "-1": 7,
            "-2": 1
        }
    },
    "llm_output": {
        "correct_evaluations": {
            "output": 129
        },
        "accuracy": {
            "output": 0.4019
        }
    },
    "pearson": -0.10171535083348648,
    "rmse": 1.6176595531528077,
    "mae": 1.146417445482866,
    "binary_accuracy": 0.6666666666666666
}