{
    "name": "title_genres_plot",
    "total_evaluations": 321,
    "diversity_score_counts": {
        "user": {
            "1.0": 133,
            "-1.0": 72,
            "2.0": 65,
            "-2.0": 25,
            "-3.0": 4,
            "3.0": 22
        },
        "llm": {
            "2": 291,
            "1": 22,
            "3": 8
        }
    },
    "llm_output": {
        "correct_evaluations": {
            "output": 72
        },
        "accuracy": {
            "output": 0.2243
        }
    },
    "pearson": -0.038857123190264686,
    "rmse": 2.016288808863369,
    "mae": 1.517133956386293,
    "binary_accuracy": 0.6853582554517134
}