{
    "name": "title_genres",
    "total_evaluations": 321,
    "diversity_score_counts": {
        "user": {
            "1.0": 133,
            "-1.0": 72,
            "2.0": 65,
            "-2.0": 25,
            "-3.0": 4,
            "3.0": 22
        },
        "llm": {
            "2": 300,
            "1": 19,
            "3": 2
        }
    },
    "llm_output": {
        "correct_evaluations": {
            "output": 70
        },
        "accuracy": {
            "output": 0.2181
        }
    },
    "pearson": -0.022853888692239005,
    "rmse": 1.9984417605737188,
    "mae": 1.5077881619937694,
    "binary_accuracy": 0.6853582554517134
}