{
    "name": "title_plot",
    "total_evaluations": 321,
    "diversity_score_counts": {
        "user": {
            "1.0": 133,
            "-1.0": 72,
            "2.0": 65,
            "-2.0": 25,
            "-3.0": 4,
            "3.0": 22
        },
        "llm": {
            "2": 295,
            "1": 24,
            "3": 2
        }
    },
    "llm_output": {
        "correct_evaluations": {
            "output": 67
        },
        "accuracy": {
            "output": 0.2087
        }
    },
    "pearson": -0.028159460867003522,
    "rmse": 1.9929783282370208,
    "mae": 1.5109034267912773,
    "binary_accuracy": 0.6853582554517134
}